{
  "bleu1": 0.12653446647780928,
  "bleu2": 0.045283619832045124,
  "bleu4": 5.443901864846663e-79,
  "rouge1": 0.0,
  "rouge2": 0.0,
  "rougeL": 0.0,
  "mc1": 0.7,
  "mc2": 0.3,
  "mc3": 0.7
}